ID,CGPA,IQ,Placement
52,3.803043427995397,49.579247693003545,1
93,2.6952771241671964,95.96709133715632,0
15,3.4696554784392672,91.13356632066935,1
72,2.9575628679067876,41.32349479464767,0
61,4.797760062467617,85.03931697299662,1
21,1.972979807558928,70.22111676224367,0
83,2.637265033023211,69.6602753519993,0
87,3.0643383000058755,57.37299341407221,0
75,3.4378198924666505,65.08070994274068,1
75,4.544993429400246,57.80251442004477,1
88,2.2180572548474387,67.781283313196,0
24,4.4078879045604875,73.95650369408452,1
3,2.1197431425387747,77.20126644863339,0
22,4.519057807659454,67.27368347915983,1
53,2.1074882075172643,80.49954471301122,0
2,2.005639568356501,39.88946344928541,0
88,4.075732460217585,44.838774363156695,1
30,4.9916293810436025,87.3114502851989,1
38,4.684661302070763,52.57695844924906,1
2,3.7067951743072625,31.60256774832842,1
64,4.748056619910871,40.765380476762175,1
60,1.9661650195126965,45.653010414741786,0
21,4.923954846982684,97.0126021526211,1
33,3.4467837767392924,70.11290002515946,1
76,4.154833094696416,95.29115183333784,1
58,4.453627493117725,70.26143453476374,1
22,4.141294676051489,63.554810809649624,1
89,3.581862032736977,51.96093838358672,1
49,3.403689426585556,72.44596611033629,1
91,4.5076768040430055,39.743861723227084,1
59,2.57548655845585,92.87831391048942,0
42,4.902381902837914,88.05326835988986,1
92,4.118405060452082,52.22720135137159,1
60,2.5584961283818752,96.6958269320906,0
80,4.195553910280389,87.76405371908977,1
15,3.5660120707024054,76.64148200845278,1
62,4.107051791715556,38.523333778769235,1
62,4.291727479400659,63.47638161336506,1
47,2.21623504774851,65.42752883927255,0
62,3.4936170668960083,46.27859508557661,1
51,4.792643743883649,35.59757760515114,1
55,2.9279586860865185,84.37065413301849,0
64,3.7613434475515914,38.54245364870765,1
3,3.076152968605183,71.60035253932423,0
51,3.3355173152682536,95.55144217185624,1
7,3.623239509711367,91.32736348186297,1
21,3.6242120386613808,49.442683662448275,1
73,2.565277910107219,89.60140462858857,0
39,4.037943221033491,30.023275428434257,1
18,2.2179977392901034,31.238146672928007,0
4,2.373415558998162,72.17872146900055,0
89,1.9582682432137055,55.53587534011706,0
60,2.305922995632128,57.052258881140304,0
14,3.393156913208271,69.51087634752177,1
9,3.798610737220308,43.42477189143024,1
90,4.37258282239771,44.822874546583485,1
53,2.27543271284598,63.92211109132053,0
2,4.544718753050187,82.79774810407042,1
84,4.22522230292359,73.36484259853114,1
92,3.195980793454546,50.814853376578725,0
60,4.795461104654861,60.12360242562448,1
71,4.9723349031950415,41.946533098499884,1
44,2.5752555206623735,35.22408700359572,0
8,3.1066471841395913,84.78872285209044,0
47,4.775670741948619,48.57711864317362,1
35,4.150869479791395,42.44364714958738,1
78,2.0966886640904674,78.41326388985235,0
81,4.333619169341815,73.26361720010303,1
36,4.47521970589135,74.32327382094249,1
50,4.239030870534206,46.02262233926295,1
4,4.388588249304522,46.28518769938767,1
2,4.466654663913031,45.45618408499474,1
6,2.5185352097038396,42.162681696360615,0
54,2.668859825498249,75.90065707931595,0
4,3.8829636193465404,89.3611119674581,1
54,4.718991697910673,80.70222287736628,1
93,2.9143995760043087,85.44655436323802,0
63,3.744335361174923,58.335890035963985,1
18,4.033095293422254,75.78530567603987,1
90,3.3284432339620693,54.79653683113422,1
44,4.127036487308744,66.7853235378048,1
34,4.693985708141128,63.71443925744036,1
74,3.8535097097546043,42.38210016006981,1
62,3.5963322388396306,57.09551322349416,1
14,3.288171259934434,97.46755928376457,1
95,3.7113331262636833,47.40061804004594,1
48,3.0338554780461076,39.366261539564206,0
15,3.1440204361145807,59.30064351367547,0
72,3.572165313048931,85.32364151021036,1
78,2.1531882927919916,70.75037608459806,0
87,2.6485274423206286,77.66823790667712,0
62,3.605690397370897,43.2786393722274,1
40,3.26616083656615,73.3263735105405,1
85,2.965088147033077,52.64502764380316,0
80,4.178174867268369,88.40123561683373,1
82,4.065838702580182,74.05091642075153,1
53,2.4585288179798184,43.91993944427071,0
24,4.6298188018889865,34.52316758908603,1
26,3.461042060532095,32.98432465009229,1
89,4.211455778974089,55.998599735509856,1
60,3.6981100902350352,48.609579565801944,1
41,4.992962478567722,75.22630864237556,1
29,4.244829516118409,64.95336844850328,1
15,4.10629040679255,48.62134946037665,1
45,4.324644414104791,40.44664445651233,1
65,2.386540355922832,38.903983388121475,0
89,2.573861009166863,90.52622744982924,0
71,4.127895450782023,47.0434577883407,1
9,3.456643535749131,75.61974535376778,1
88,4.251637640173356,86.74801495903864,1
1,2.2638938937696422,72.98569178293153,0
8,3.586268122028014,90.16956621528621,1
88,3.1054057749485926,57.467560506993216,0
63,3.343850668809119,96.93555334542638,1
11,3.792071509821163,39.320150292466785,1
81,3.4819794597607165,37.15046707602767,1
8,3.5965749431941516,76.10845023452106,1
35,3.4333903200866036,95.99817989892833,1
35,3.1973132901107544,86.62184231454296,0
33,4.304240040824648,35.3491801606636,1
5,1.9872193705700356,49.55573997543014,0
41,3.7752502386759423,95.12232193864766,1
28,3.67480045933507,47.71409029605492,1
7,4.1343461779355035,84.68192966508434,1
73,3.7770395625708457,87.75925371500927,1
72,4.4717364248176885,64.68164724226872,1
12,4.875178123420285,57.044423689382086,1
34,2.9946989843945575,61.50871026938317,0
33,2.6434204982414604,45.88752860557549,0
48,3.241970430382473,92.2573641290191,0
23,2.8281853302509647,61.54337597108305,0
62,3.825598302615596,91.77216083192698,1
88,4.731149846971042,37.398543593439186,1
37,2.3743043921363385,99.17926897000919,0
99,2.2574235391984536,61.02911612105328,0
44,2.7308473721536695,33.34815742758738,0
86,4.164591537490322,32.66152937662184,1
91,3.7585368610394054,82.2345080237287,1
35,2.2617486258868587,76.13248739425765,0
65,4.752189092895277,86.14913906893113,1
99,4.359758143228464,37.37572737669642,1
47,2.0202189446022945,32.48996069248838,0
78,3.9366699935141503,65.60055026133048,1
3,4.302302338985201,57.13166620379387,1
1,3.092027877647287,62.3362855669669,0
5,2.1602106950700173,99.41118862091918,0
90,2.185829249740801,97.95249703694691,0
14,2.2679532464580188,95.9620772771235,0
27,4.51334087754029,84.86898737373717,1
9,4.727592904679924,54.838895217982326,1
79,2.324572884629488,58.84916511839401,0
15,2.669513405514998,68.47312306032471,0
90,2.454837556620234,88.1374119483388,0
42,2.518278682457068,34.809898276278744,0
77,4.5043469064576005,59.70078201194217,1
51,2.9630465585975636,35.783236442148805,0
63,2.8999050053392055,66.02603106014581,0
96,2.6435566436751934,92.92305768043647,0
52,3.804077901072489,84.77394471947565,1
96,3.1068823800759238,45.948969228017695,0
4,4.219961438122031,98.31935947191548,1
94,2.5770184155456946,76.71452786324998,0
23,4.352759160579201,30.729938957818213,1
15,3.7913506717769234,47.878943927965366,1
43,2.2985152651698475,48.24993099439416,0
29,3.2142389818210644,34.847801440010194,0
36,4.583730328869518,97.18785626531503,1
13,4.765028706985379,63.47787062031466,1
32,3.37038537307238,92.70702181603173,1
71,3.4165527831716744,52.55508524112398,1
59,4.751286911064868,38.7663499302979,1
86,3.7405580836165297,63.20352769343497,1
28,2.050182344242487,37.9769644300022,0
66,4.733885861781343,64.02108520842779,1
42,2.707090650409313,94.42080268535854,0
45,3.711777459979219,66.45376992839489,1
62,2.45481561815532,73.15498088265585,0
57,2.0533314387521147,40.96469058816658,0
6,2.89999317195491,33.06149381159786,0
28,4.330511908015567,37.75655735258649,1
28,2.7966408765197253,71.89721029790559,0
44,2.621296502947346,36.65081892946132,0
84,2.59867639224074,56.319502295891795,0
30,3.521279731340778,68.50643583207092,1
62,4.925401012832406,57.205695904089296,1
75,3.34991641345189,41.4578661025711,1
92,3.649781375114646,49.16539152598746,1
89,4.574927654566738,94.98222729940039,1
62,3.5819626427476585,77.31875929104487,1
97,2.512611757827511,64.72334870759207,0
1,2.863767530887755,30.890042299082545,0
27,2.8953076251192633,99.4690780342629,0
62,3.1618202521456733,77.00184544262503,0
77,3.2517061612770854,52.18457341414614,1
3,4.3893351673265215,91.54880619984868,1
70,3.0156303471004655,48.09021342042727,0
72,3.3781070767462067,68.08116054279262,1
27,3.8561767605057096,74.52495346108776,1
9,3.102064139692516,45.47443600176099,0
62,4.5015226805416155,98.48780951604171,1
37,3.7417334929139265,82.37343341852983,1
97,2.846836271623963,69.0469257857749,0
51,4.127880559358976,42.64162187227106,1
44,3.5593255769415966,33.77007448986183,1
24,3.580090468334603,52.404188276468844,1
79,3.4173182425821373,82.72311351393819,1
59,3.465886443904809,48.85319088114176,1
32,4.284336657252034,67.76893543468536,1
96,2.264093511960512,80.95630237115202,0
88,2.9698065744969706,37.556060025252506,0
52,2.1802852596018623,77.97086112811114,0
62,4.247400973279725,36.43096213970313,1
58,2.780520656896913,97.55908194888976,0
52,4.687162749947596,64.18758910454576,1
12,3.5560643233108458,40.547327539691416,1
39,4.392286803032669,53.96685452234826,1
2,4.935740878628682,58.939151450668305,1
3,4.51135602134254,83.07295077535761,1
56,4.5943309680351465,82.03966502536265,1
81,3.194352710862776,72.83583537361318,0
59,3.6327539155409863,37.41514987909451,1
2,2.724360120332078,40.609856011137154,0
2,2.548144954065031,36.56298444518897,0
92,3.491799031273403,70.4020948301285,1
54,3.764899388086283,91.39969090579828,1
87,2.9847772999833824,60.36603585783402,0
96,3.686802729178676,41.25937217704224,1
97,4.656754471666184,69.0629627604277,1
1,3.6480008335892666,86.8226551805997,1
19,4.148479943747045,81.9198443059051,1
2,4.4062106504416105,91.7015545772515,1
53,4.965622784964101,49.45314680742075,1
44,3.789752076639788,43.57677070874424,1
90,4.410892954335887,91.58715401593571,1
32,4.886080421592368,76.02922189446161,1
70,4.8304496630106835,51.76502510052879,1
32,2.3802996387720263,81.96436354007565,0
68,3.1894965402342423,87.05828691362575,0
55,2.9381696863757387,73.04847682387927,0
75,2.2151212955985655,78.15188769159406,0
56,3.8813843634784293,56.268193310986646,1
17,4.194509070247807,67.70869671401275,1
38,4.536790691173994,66.69114195083137,1
24,2.3244695134712607,89.36334537915403,0
69,4.623154431419646,88.79747861975278,1
98,3.9109229690234724,88.28763285429302,1
70,4.097035712172453,30.772212998372606,1
86,4.7274032107979265,82.46818391282218,1
11,3.855521876681916,83.10734730777034,1
16,2.974390864306997,77.48651759985992,0
97,4.466577360839112,82.93852605240168,1
73,3.057330597195026,88.93792600476961,0
59,2.0543957380026137,62.922333787125,0
70,4.4834962450240115,65.14351494419131,1
80,3.0028360418878903,38.72998398379733,0
93,4.310195295764087,56.97631181331533,1
3,3.0564115787311334,75.0355625938249,0
20,4.576257460922901,84.62798433030922,1
59,2.619507101496924,45.20463683838474,0
36,4.9223691588565535,39.647602941146474,1
19,4.3282642631034935,76.41294031503446,1
90,2.2984256740572104,30.131591846743746,0
67,3.675618690898009,42.48608090151309,1
19,4.955370302337291,32.03499662407676,1
20,3.3867496307161336,41.68195824984096,1
96,2.505426773405829,42.69234959478537,0
71,3.428574019808556,57.13715163252759,1
52,3.512995850439861,58.16289872805892,1
33,4.21214517989743,91.19837294271665,1
40,4.081479852140759,65.70767987491777,1
39,3.1777776329707903,80.63833359286005,0
82,2.614970477856964,37.289615054420125,0
1,3.9174152116964547,45.78071288245857,1
11,3.2361970003875093,79.20604086850737,0
92,2.3534424439322574,33.696277232796966,0
57,4.696745518770976,64.06183635706272,1
89,4.058226665709446,71.95582759640537,1
50,4.0337107621587185,72.15019508367368,1
23,4.458880821530605,31.605296788762942,1
31,3.5654681198979974,52.54756029604299,1
94,4.435916006627494,74.55434557344078,1
42,3.4691767982085673,40.42998153044704,1
99,2.1548849697429158,78.67909538296374,0
7,3.186006668484451,82.21476461695721,0
16,3.467267926638666,98.73784333123017,1
90,4.146617873978502,44.68893963994866,1
60,2.2750651268924567,87.75914673662805,0
2,2.3770565429143695,66.4207603843058,0
1,2.75423559803558,56.14238173009214,0
48,2.762820099781191,38.566373012762455,0
12,4.1831629643001405,81.48539245412763,1
69,2.7147285147128732,46.5100319400581,0
37,3.880949093240215,55.99954013111321,1
32,3.4575352429217276,34.37795588281579,1
9,3.698547853447172,86.09568410736634,1
99,4.506226237693802,83.66119667801503,1
19,3.1833635797245243,81.35310810296187,0
48,4.301279700046025,50.96104573443206,1
80,3.2372099816295963,42.14360519861701,0
3,3.029307698511811,74.62872851291608,0
20,4.873812890805323,64.73164688792536,1
24,2.512331308070838,42.47767268332491,0
54,2.225527729761704,78.01378897349046,0
33,4.30150707288321,99.37885022749126,1
24,2.1581616013299794,82.30537114194263,0
75,4.503090921644239,81.79904706799283,1
72,3.2834398588895928,96.52189270514143,1
36,4.742316715740338,44.20554573024315,1
38,4.150675226421812,69.58849754450083,1
84,3.8117342343742706,98.57527005237185,1
99,4.845385731026185,41.570587767912215,1
89,3.1597805878087657,79.01763716111647,0
99,4.859965156445881,71.00671021803313,1
25,2.361753896134681,71.05353645320949,0
93,3.4254525728938585,78.83694392640527,1
18,2.773229228296194,95.0731846012979,0
82,3.5965204756699896,84.78073578959365,1
66,2.444142327569333,33.9295272391347,0
54,4.516665463945632,89.6909613912998,1
35,4.531543940409399,45.787893094801284,1
80,4.86347075380661,56.38399153154604,1
61,2.4217500296938703,62.32129695286675,0
41,3.8511642802602215,63.663420052714876,1
33,3.3964237915361273,60.46262794787498,1
68,3.0003703827349115,95.61473059511052,0
33,3.0221974914593672,79.42133053648172,0
14,3.2090203293505946,74.18194521696944,0
21,4.100022926551307,33.48894194480591,1
48,3.7747724777178715,93.27393311822622,1
20,3.3520286139214495,93.65731344058773,1
8,2.1815969016273473,84.61491444010716,0
7,2.187184299440819,30.49204426695334,0
67,1.9571351414086235,34.00961757543364,0
17,4.901483134031613,45.76565915879428,1
33,1.966024146603074,39.19445857014347,0
48,2.264435925341922,57.91852207926106,0
76,2.909519498268703,94.58361406614527,0
59,4.412662268041122,63.04423039378988,1
86,4.884401296580559,30.938183850251594,1
22,4.35954135431516,49.79219827051334,1
30,4.056208708959203,33.12164358610731,1
38,3.5399670356113866,32.54013358294515,1
51,2.21445089617966,49.300389716688656,0
54,4.872420918661987,49.29286370752618,1
8,4.263096862534328,85.09886218211228,1
27,3.898795625269498,98.23842569467783,1
27,4.265059328893492,55.984496572299875,1
98,4.158515154283073,60.02208152027271,1
21,3.893556318357935,89.1352605400215,1
30,4.940759240548964,48.769731406685935,1
97,4.705259628539876,40.94672630824135,1
28,3.9223280033073484,89.71627363825553,1
64,4.06418439494362,33.255041050804586,1
97,2.1073672103090653,73.3789608139591,0
69,3.993248266877619,69.33949932267647,1
61,2.0847045850158055,54.214431325118596,0
48,3.74420445875829,52.06326647681513,1
19,4.998028173675796,84.0300408327135,1
4,3.6452100733833976,36.049722753378255,1
35,3.393290860148067,46.57490165179698,1
64,2.904207312342042,81.2714112286663,0
49,2.3175938652987167,68.3824408608497,0
17,4.179622197947759,38.95917459735105,1
44,2.5374270347461727,91.7494929997442,0
92,2.301610164804217,57.54134925945141,0
30,3.236376112178063,87.95078627255211,0
93,4.3757926057752465,85.1399110869396,1
46,4.222446871766672,73.70978125302096,1
6,2.1173919746717487,64.61367919065651,0
99,3.338188239360276,98.56855882672298,1
37,3.543425457017065,40.147555066587195,1
24,3.9158672844087574,80.76090092857804,1
93,3.933010418851846,43.383349102535234,1
46,3.062326610844783,53.67841737326439,0
53,3.6600654417107177,51.60891203612367,1
95,3.4172387457244637,96.29251914171061,1
99,4.649244987396007,97.71493244517926,1
60,3.567308654536445,42.8110810964309,1
97,3.2951480933318926,31.54246122082529,1
63,3.1836806215296445,80.40056277641793,0
85,3.69590466627207,59.2592953709339,1
32,4.402129787172737,36.218817156129504,1
87,3.592124545661402,77.86278739039298,1
33,3.9680482839956515,68.15738697824898,1
67,4.200460089064901,98.63617754007743,1
18,3.536512735130132,45.918664710296525,1
25,3.2517920227973365,58.278451342858375,1
95,4.623829402480471,67.9782062376796,1
54,3.223393556285071,85.41899919173461,0
58,3.358925694255542,68.41870597040412,1
67,4.97054100569242,72.90301126033644,1
46,1.950724446906448,45.83029361129585,0
24,2.5156923742090034,89.28431096619919,0
32,3.1210898642551634,60.0041382879333,0
47,4.794399223747021,39.86717392652385,1
86,2.1635906025297866,76.49315401537922,0
23,1.978930572566919,45.12633172297153,0
66,2.110685699730547,36.82937571675098,0
27,2.2200574023715354,90.33908358829906,0
2,2.0646701582790956,62.21135851419078,0
90,3.4133330469123395,82.44985988870435,1
17,3.7213094820433494,50.34112918644486,1
33,2.7786452617604622,85.08790944423664,0
9,3.164776521125688,37.835514891507124,0
43,2.229682972089862,54.918136165639694,0
48,2.975929914676687,98.464327258147,0
39,3.5436835344852953,85.57928014576044,1
93,4.183429011913168,64.80791512202816,1
42,1.9602064042310865,53.78442300933196,0
26,3.37529783793984,91.04949900157337,1
99,2.8558587731873906,68.13934313591609,0
50,4.551106556160299,83.08975125083778,1
25,4.132437611464438,82.78753762213148,1
24,3.746781030136229,31.25619749979443,1
13,2.7956602193751596,38.83776479548294,0
60,4.7265342612754795,76.17405564763196,1
7,2.0875570655219855,41.313386790011,0
57,2.2838761759713013,47.88453412589233,0
36,3.144471928648086,96.2646567939725,0
45,2.3295345497554116,69.21275808624384,0
20,4.867067877556246,82.5510654899543,1
65,4.383867432537319,69.05865171478479,1
8,2.7398970873855317,68.67595303479077,0
16,3.745090398368398,36.590633708798855,1
14,4.946108070994248,54.056423482637214,1
76,4.646806883301084,49.77016290805582,1
87,3.782435261648704,57.350985592952924,1
15,4.706358099884575,85.88409317570299,1
92,4.967013974930745,56.03528675418054,1
98,4.217226109825553,61.61877734621779,1
66,2.1482085489228266,57.81669733397216,0
32,3.1748197210977365,36.53855803827069,0
87,4.505368492613899,60.87505107755486,1
63,2.653236047205308,43.692649113116055,0
86,4.483459679139405,43.0706307041129,1
51,2.3170332242067375,36.582527310398646,0
25,2.0931833393008294,54.966968189923534,0
58,3.121476365048311,83.0237319352592,0
63,2.0620324091511715,49.35091834083772,0
62,4.869674302099143,51.86443713198595,1
22,4.469927372171596,74.98722603706966,1
58,4.3923475457461185,43.70885688108432,1
58,3.8708226651382667,92.7870551296474,1
86,2.6097882702614883,66.41333662760881,0
49,3.5306941183629963,61.33220582241519,1
52,3.7716859209125397,69.04741343504409,1
42,3.5513460776238177,41.62240193913368,1
70,2.743711772252158,72.94311970474234,0
15,3.521506169159914,55.41705156438073,1
54,3.448118339649311,92.80304386752331,1
60,4.988824116210509,41.81979446743803,1
97,4.687180251540922,65.49357727058087,1
8,3.3633112820576407,71.86788405583127,1
53,3.849959017952112,32.33685212504668,1
60,4.2310083924812965,55.45851873292982,1
5,2.056338738713166,81.2844664290583,0
68,4.679510395744911,87.42642552142813,1
6,4.573386790074667,51.92133963720977,1
96,3.345167898209807,85.90152906679259,1
94,3.143067786545158,97.74291139723722,0
47,2.7825260933117604,89.98117552525659,0
99,3.403864326407623,38.23507917115276,1
55,2.085348823776372,81.78112324598784,0
40,4.549190276708374,52.37667827083813,1
52,2.0580382236765624,99.18911925884535,0
16,2.9536066643781065,63.9751288211921,0
13,4.791347939372919,38.57037288512587,1
30,4.192398596296531,80.76298836191735,1
19,2.8082424297614565,52.61078388703497,0
17,2.7205797365806994,99.79547099571631,0
63,1.9655005264449792,98.58477204981654,0
19,4.071928593191738,75.92938126144065,1
92,2.098789924103178,39.08785142662023,0
58,3.574437684172324,78.08026983725203,1
55,4.884472016405752,36.5121340522019,1
90,2.283880023166084,32.055491137167465,0
90,4.678163789452605,87.60709123550402,1
62,4.973999772192396,44.682706337857695,1
23,2.1376269300296666,56.53189883533682,0
9,4.642864120869257,98.14201729833212,1
12,3.5240410123530306,53.57883513027723,1
1,4.714866844305969,50.75428468983207,1
58,3.692522772854701,94.27455997359426,1
1,3.969441630825022,37.752391172327066,1
34,3.6085256693920673,83.17076870802423,1
96,4.586703284937412,99.16458966569418,1
48,4.18842525280879,93.09072075422542,1
89,3.5398439521502656,75.61675430944982,1
1,4.597890452357218,51.98425564949124,1
16,2.6981208733787705,47.80253868248217,0
61,2.429889012092704,87.34785734100228,0
64,2.4392203212567196,91.58753397661867,0
63,2.9687270801729753,66.7804438781985,0
69,2.6780045954681033,47.10379585505263,0
22,4.7867755690547025,37.906024588782145,1
93,2.2727939861771813,36.10256274822818,0
67,4.081921751020742,80.33542131476989,1
76,2.527125696344268,59.408310949340745,0
26,4.638993254949567,93.37519119945092,1
16,4.8820116289639675,81.77699105087345,1
51,3.3696835267484495,43.38822925402107,1
86,4.631168014695802,72.96441931709893,1
57,1.96569277080188,60.48538180787115,0
29,4.450838098094705,70.4074811538029,1
78,2.6473067426510166,81.6648386336962,0
92,4.7215389932715714,86.43371167026535,1
69,1.9534163400143338,89.0616128484707,0
47,3.6463542918712584,47.778241220041735,1
94,4.257739201544051,32.17809199421504,1
62,2.738999408628619,81.75063146153411,0
69,2.539055236991244,37.444060837904225,0
76,2.206499584627353,52.04437120290774,0
16,2.9456224083350433,30.2671993887043,0
90,3.65752515254193,77.7168637681134,1
90,2.303323763179786,41.699240802985486,0
48,3.0989208540597364,75.86976867841608,0
85,1.9776708341908111,99.42198320174872,0
39,4.446972232524518,35.08696101270114,1
33,2.3417685901842336,35.39546083660225,0
94,2.8141959922100237,53.826606486667245,0
23,2.006204542151563,90.64705599759395,0
10,3.2683343908721625,45.087090815393225,1
69,4.512370583360717,55.226447395124325,1
34,3.1460611949078494,34.79537846388857,0
52,2.4974668364426917,83.42087038812225,0
95,4.248781443854083,58.58144399316158,1
10,4.35586129470577,83.14741131425899,1
19,2.4799480996880785,93.25254910427566,0
58,4.301105031050018,46.293420297090215,1
96,4.839258559181831,86.5177221237966,1
1,2.4574516401434305,34.13657230547773,0
69,4.301502092223013,92.91931717261731,1
4,4.111144614038019,75.55379832911231,1
16,3.39440035972702,91.19587068968461,1
24,2.1266574047043347,30.013187968960732,0
80,2.1778179741614547,41.83567492491947,0
2,4.549864710555875,57.283157119854444,1
92,4.9699525368894735,56.5652032362303,1
32,4.011959384419601,45.87112680464575,1
91,3.31017283638148,56.712835790704005,1
84,3.925099612375818,39.019409840017836,1
24,3.762907370647063,58.89327904862182,1
12,3.1200173942371463,86.1648030411485,0
50,2.1501597409507394,63.534904417234586,0
35,4.455614489592695,31.26000622616505,1
33,3.0840922641781097,59.50108291054732,0
33,4.447296212239135,31.90225112635909,1
61,2.7201516865495656,97.63703874947588,0
51,1.9531399135291818,38.92177715960083,0
43,2.4347617639941075,79.53818284314332,0
12,3.379045221144182,98.094342602446,1
67,4.830126086621381,87.82273361666003,1
65,2.261690540065843,78.95207625883427,0
33,4.555339812107776,88.76226366505368,1
40,3.557423493446179,98.72590852824393,1
74,4.4690583356896845,73.49411480774707,1
43,2.860042014519477,69.14293647805286,0
44,4.511838852251039,73.97666773242969,1
29,4.307109479051253,67.28731207330884,1
13,2.6516637332458735,74.45623741368031,0
12,2.350572135548603,61.48895455807914,0
95,4.597565683723493,45.291022801831495,1
46,4.887871792992402,38.41730585581729,1
2,2.0454720569299245,34.783865487258225,0
35,4.180373704269741,48.432104862724,1
87,4.724049758390846,33.228649503501366,1
81,4.5649482808821205,69.70195459435699,1
90,4.891787440424136,49.86799129164642,1
8,4.268286939236196,87.71743656609226,1
93,3.2990112252617765,35.196861109187054,1
26,2.9014535710101477,45.84460460390402,0
74,2.9282653583362888,81.11723029631021,0
90,4.159489151473057,71.9165807468444,1
34,4.224802886694441,34.51438898744173,1
7,2.5610953878235736,91.40676200135402,0
68,4.597774581146119,91.40832339783256,1
58,4.130518322616855,53.12856027130417,1
75,3.666388373347317,53.82840903446953,1
29,3.3881740033126637,99.23198508451217,1
36,3.606860057659372,73.83233201151967,1
89,2.4356995017517566,67.19215643976415,0
21,2.571288810292636,88.67065284863472,0
36,2.2280516957388845,49.97032368501215,0
10,2.4186570163913936,60.042781537744986,0
73,3.3337655855461117,48.74436728418339,1
24,3.5675809008711807,85.2412592612112,1
64,2.004478772058874,70.13445419446526,0
99,4.380233374985284,76.11775490980494,1
49,2.8472123186976077,47.66150748875846,0
99,4.731099906627729,45.41577109641206,1
36,4.900909354022022,64.18622402880571,1
82,2.515649567763796,81.62960243649788,0
96,3.359396736835265,66.76678302641122,1
24,1.9537570972575988,32.2851974281968,0
23,3.774898158623402,90.79860544242021,1
62,3.802284667201147,34.52808254605921,1
96,2.704996864590294,96.90771386045266,0
37,3.6531586513787535,31.75993707940909,1
12,2.637897434453393,78.6115319291496,0
55,2.4405176806884796,35.75449445982471,0
13,3.937134373746907,93.74736056045977,1
23,2.9440726650538283,62.510326535787996,0
89,3.7503050136011487,39.62666423719108,1
99,3.2714025843635497,53.85709898528926,1
30,4.952271792578856,41.537727274273344,1
17,2.4062209601360753,41.9407338089963,0
62,3.367025719739221,96.36758241200096,1
84,4.025392710395942,61.16722785993517,1
89,3.156412505833904,85.21615847337517,0
86,4.9228345482056035,74.77238928243773,1
13,4.151757265177152,77.34984536368745,1
59,3.953800765571704,39.2185406930427,1
19,4.259030766214231,46.392911277083996,1
49,4.855578346018087,85.07252346081059,1
12,4.718846891603152,97.95363445323481,1
61,4.159070189785556,48.387294981905626,1
19,4.234942999258913,49.00981353257279,1
76,2.3950623258071935,63.10279929676334,0
9,2.26351683370263,98.86882189988064,0
71,3.6912587306247007,48.82712620785297,1
28,2.006021292668647,58.48803367439847,0
78,3.421186963732354,92.40360109364548,1
95,2.5915662187525492,30.204472283495342,0
52,3.0053505313167603,32.78361754919987,0
83,4.316204444168516,72.28501739498535,1
16,4.820774387908779,93.51661152989928,1
69,2.1708696300463415,46.719966228134936,0
99,3.5794387282281575,62.87492422764963,1
12,4.6417271317497795,61.53257111604728,1
25,2.2016510300432848,63.10799422668571,0
52,4.464767843035343,73.57637870108216,1
85,3.0412941203312274,62.882063409347865,0
53,2.9323888417689727,61.32276989257205,0
23,4.931272478260096,63.20018943018824,1
16,2.562620224079997,71.3607208889729,0
57,4.064241519509177,67.59052418459508,1
39,4.455394220430093,89.7895198355353,1
53,2.0756096606017786,33.464779744556665,0
42,3.994675647980957,88.33219500311088,1
58,4.852227421783747,89.07472288282068,1
39,2.328870898520581,49.94356150716726,0
14,4.683474973189367,62.39963685110954,1
95,3.7640687439996547,60.697694197620486,1
5,3.8306439746805454,45.29568840478912,1
35,3.819479733340098,57.77577929604215,1
87,2.861449453328807,33.10714405195981,0
93,4.802365536663352,49.447545094721406,1
75,4.8394189110246675,87.16775228155026,1
18,3.8571792136525405,49.91936112340283,1
76,4.3394393141219245,87.27446681237733,1
9,3.8173868569375315,67.21196252231016,1
74,3.427415265100824,91.5903874152812,1
58,3.9655013608127145,70.23456879850906,1
17,3.636654430405473,32.07677561453179,1
7,3.7723013810273867,77.27941452829624,1
46,4.340689287927528,33.1397497616498,1
13,3.4167566859194034,61.54179132881938,1
40,2.0743000235820417,95.05986861311798,0
42,2.4501984170179663,41.56427575364951,0
9,3.287752010293092,57.291064705908084,1
50,4.160721007615877,81.09022161939349,1
27,3.759499877346045,91.75809892663933,1
66,3.9333972669140342,76.96601033197555,1
5,3.411800732157676,48.072127793381846,1
29,3.8280131669238404,77.22254970413513,1
37,2.9535031853347196,50.7709348772863,0
38,3.3840569077248284,80.29004608731147,1
83,4.220051150064615,96.78231893095284,1
8,4.609089975868019,80.49754157744019,1
65,3.2726487685669863,90.40163520386886,1
86,2.0831680560074517,30.14726902231184,0
17,2.443101259647748,80.23004873121161,0
71,2.013626474839191,88.07112898056752,0
89,3.9424522086738567,32.8391116281277,1
45,2.963559607333082,91.01184091017615,0
4,3.6045598389440707,47.96859598170321,1
36,3.4544943826905885,76.57044713846386,1
70,2.1986557931349013,86.02484153163846,0
31,3.1799471514276867,76.38651591415488,0
19,2.622711431013086,36.45993544512801,0
61,3.2261193554363405,71.74250632022579,0
54,2.57091375504384,68.47085597055005,0
39,4.513379839144647,93.022488765199,1
91,2.4812896765636734,58.29678107509464,0
74,4.8803806820352795,52.47567679609351,1
90,3.2185174667481693,82.48955351055264,0
19,4.5310481406581005,58.88727282583777,1
39,3.867732695528132,75.22673225035442,1
67,4.1928184109305455,75.2515063087225,1
45,4.29155785860368,92.16273450520825,1
13,3.489776889773704,71.90846816233682,1
92,3.6070665962580293,65.15075269733907,1
58,3.517687396816611,39.72099284775619,1
20,3.7435780531747413,38.101632467509376,1
92,2.039653059557347,40.802509569815555,0
72,3.1563212680394965,42.02939369289662,0
61,3.7988755763615734,74.65139648645437,1
39,3.7730568740303863,81.86868751922049,1
1,4.368516088547176,67.0994066048493,1
3,3.947778483437931,88.03124127818438,1
77,4.976006614839051,99.38842587135433,1
92,2.8157563122563674,87.40088403835492,0
62,3.0454106404820056,78.64176615731714,0
63,3.120733813196779,67.27448896060027,0
25,3.3707290614117578,61.41971501722958,1
56,4.499794094532689,35.90746663811797,1
33,2.66916588657559,57.95581238762837,0
38,4.31680063145806,93.70942457474939,1
6,3.186196058411517,86.5615840934587,0
58,3.7856589201691255,45.1235955508181,1
44,3.8792486263402335,62.66254492880511,1
45,3.08718834342625,87.17062417909813,0
32,3.5134763758777057,34.71691883498658,1
45,3.2097450826754756,57.11748099680615,0
61,2.160854997869189,89.62888658117633,0
47,3.283354435891321,58.27285049190866,1
21,2.2470498472883342,35.433025131200864,0
80,3.1853134371949805,67.9774057972576,0
85,3.7584011194869342,90.32197464428067,1
75,3.717215442997677,71.31998800672119,1
36,3.970994900975377,45.83953757499623,1
99,2.24054759926161,56.89677340961669,0
19,3.9389758988678354,61.508635282735256,1
20,2.9020515729241634,70.54864476743688,0
57,3.1670901357181886,83.15457180268291,0
18,4.566858074464252,36.92115323484448,1
47,1.9775427325951282,92.27564231122965,0
49,3.7446585316888465,30.861679211125292,1
14,3.7760776393053277,55.90366342719787,1
15,3.159812317847864,31.919421698086037,0
31,2.6729349641804254,57.50819577417039,0
1,2.6657558166977307,66.80688192113266,0
54,4.645314492465295,65.81769706070583,1
3,3.2981743400377153,41.59398429197857,1
16,2.9592125571169743,75.20183570669286,0
87,3.318771600185779,33.134491535326774,1
57,3.9916407244510523,83.33347740926908,1
75,2.3945575331464926,96.26511037954823,0
12,3.3207731974019,53.783817900578256,1
74,3.7430473318866797,66.20675672000323,1
96,4.8431792322968725,56.52371946411701,1
16,2.7202097353300285,30.469727321284196,0
72,3.045714781144549,57.011215202658114,0
76,3.107043699263392,85.42041814829426,0
24,3.7968913808168923,71.71921895284373,1
28,3.038032761772005,37.08819402306113,0
8,3.5772113721640713,89.29976427856495,1
92,4.334460506027339,67.175974141967,1
36,4.101426062042221,88.92063532212732,1
90,3.311424371863386,70.61550631495206,1
8,4.585859341906215,69.17819113865579,1
58,3.6523277612612817,37.368142963790866,1
60,3.596712810481748,41.71518131970396,1
50,2.0542726861144325,98.04176795476138,0
28,4.959413590089342,45.994072272833954,1
92,2.3250609660153616,98.42164825932575,0
41,2.654949282904322,67.23388945669844,0
64,2.1076753535866573,39.5052332944756,0
27,3.9020090488525865,36.95115419275851,1
63,2.6353385897666737,44.6204849494018,0
17,2.4990318342918068,94.7946131017735,0
73,2.220094531880886,58.99051570297588,0
33,2.2650923192282475,57.680398759504,0
84,3.7332456363498956,51.92443827491218,1
77,4.049033990893116,40.294329539661184,1
92,3.1620059148164232,64.14958380346846,0
29,3.4136860988558233,39.10334477577971,1
13,4.042201594748101,88.48361654676293,1
46,2.0030083600657127,55.92778903927145,0
35,2.935548504064349,56.23624974472574,0
6,4.917948131614557,63.180449993820915,1
82,3.7193423005711774,61.088939921602616,1
69,2.7253849686873544,99.64005811415251,0
47,3.54127664224045,68.17667848528117,1
25,2.995093138768792,36.17411926529095,0
66,3.5733472159202124,72.4814139103851,1
10,2.333511611010279,40.610900500891596,0
56,2.354779694148796,32.16563513119394,0
30,2.3878042042201484,97.95195075740737,0
5,4.816450365376867,84.14772240741948,1
33,4.185341700941092,98.60762946896368,1
65,2.4452647787200785,63.45149136155697,0
18,2.524464705485084,67.25802718042833,0
96,4.1790298983561724,41.78358691433912,1
49,2.4262997266161306,47.28351986673099,0
11,2.665411944671227,88.69844504319798,0
85,4.888207840102217,54.93299529823159,1
26,2.728684900421717,87.87704816574933,0
63,3.9679786686319973,79.63096070009223,1
89,4.934825426571617,42.401964769030585,1
86,3.0916051397763677,65.52124562838195,0
59,2.0034237721292896,77.41711250631018,0
27,2.6946492357882414,46.452605036267755,0
49,4.484175433592202,88.14819573640537,1
77,4.587056949662862,68.13793602816307,1
33,4.293984061797563,41.56694353098222,1
98,2.2949849481835476,70.80890983152217,0
99,4.376306633674029,99.97996629091398,1
1,4.751967280830188,40.536504416438945,1
21,3.7818591047660197,87.17298510836696,1
55,4.819669836831098,44.51163022312906,1
6,4.471858595321226,84.7671830622061,1
92,3.984263126822267,81.42045461849892,1
81,3.710414971970832,51.034256992030265,1
69,3.0131496850880097,52.80761822951149,0
95,2.4358267079905556,85.47649743740433,0
5,3.795109464206149,62.301185832111884,1
3,2.920240238535264,81.15726200982661,0
53,4.592637935959318,40.358890315608434,1
23,4.9796776589438165,89.67904473310875,1
53,4.244904675977496,79.76193016776233,1
37,2.225969170625505,93.48599661843838,0
74,2.830491066368446,39.26606653244807,0
74,2.2827843768855365,71.51101502524185,0
83,3.9340605257647328,71.93844095282276,1
17,4.283832136895143,54.74225183827477,1
85,4.773308234186171,62.09264971984805,1
78,3.2864256565565624,32.65870943028974,1
73,4.699195731244755,82.21020270389084,1
1,4.627568035076049,68.45257355822218,1
51,2.9174469361344655,34.04187363084216,0
45,4.600146907898742,77.65291250723399,1
77,3.0958003682392654,62.674745406183156,0
4,2.8554512874088562,32.41228815975,0
62,3.929677709322899,97.87254087936668,1
65,2.9515627450494972,96.43785001626084,0
32,3.8721366824038896,65.90316913030384,1
34,3.809987006771018,36.55706944941372,1
92,3.6684887284127994,82.82348551190142,1
95,3.110280097910033,64.43517700740102,0
72,3.622924151037004,51.17132348025659,1
39,3.7692806987055354,64.39927242699898,1
26,3.614345009911194,66.57109017838252,1
34,3.3054793308911643,69.38981893156375,1
54,1.9947345239911045,60.88565995587285,0
3,3.7405382084885104,72.40287121973397,1
50,2.4637553746852947,94.31142974244642,0
12,3.909856705288928,55.35876609690138,1
65,4.266000200164741,80.80015242539643,1
54,3.4763581928487612,92.61167897769624,1
5,3.604209178188202,61.91854930319558,1
94,4.852009606981273,61.04190854673329,1
94,4.533860452186351,72.14818897483457,1
57,4.738421373651983,71.39847315957417,1
17,4.4319871793747385,86.46125396283938,1
47,2.2822009426325307,63.353836864480485,0
23,2.404425160709094,99.72860647476088,0
79,3.556202581670327,34.163009820709654,1
85,2.7005124593338947,30.22174940064912,0
14,3.403921198875535,74.81388180917367,1
66,3.152814237645968,50.89044386533136,0
75,3.6257134272128826,46.826767208963865,1
51,4.227970934214259,51.832935600299635,1
38,4.1322472666527865,47.923329557346804,1
64,3.5397641040802696,32.15530347623135,1
98,4.4582999273920265,98.0073129673412,1
38,3.2641293791910018,45.45218419169473,1
50,4.684978584012373,81.38208338125145,1
98,2.16740482366825,83.38174762859228,0
82,4.861713091601588,95.04801786050605,1
30,3.946813898365612,32.1384619965366,1
79,3.109227252258476,91.04338369129053,0
91,2.5513200860472756,66.90583265878601,0
51,3.4115088498029795,74.27808769760796,1
63,2.543402885715168,75.11291939847236,0
98,2.4573114036165835,87.38584634893093,0
52,3.832922860109571,53.33851255113774,1
38,3.545408409974443,81.31358329019955,1
97,3.993792905563372,67.0004676805538,1
88,4.7852979261370665,85.53758100137435,1
79,3.573393650684072,99.33822229390934,1
30,3.7218427624515327,44.04557121826329,1
51,2.2233603344225736,99.62540490919986,0
81,4.13878914702132,36.28685079979418,1
5,3.1697108807526764,30.16222835333697,0
29,4.929011977920865,33.09133553244819,1
4,4.460680747566764,53.92476833157332,1
10,3.5435671735741607,74.30344314749038,1
56,2.3258290952251066,34.83206786214947,0
17,4.571218169505797,30.39660701706971,1
74,4.389332341043266,95.59637199211564,1
17,2.5129846450879505,87.53486451579508,0
84,2.8505987821219456,86.64282197973218,0
88,4.369892137350903,91.9096992851384,1
69,2.5149467619695995,79.0023990940473,0
34,4.749145091972701,37.308289082365704,1
6,3.2448086468489037,57.937013165160614,0
53,2.215468835892359,80.62046405252406,0
66,4.438033362688056,49.623412255406464,1
77,3.089204533267082,78.11844548953664,0
43,3.555822542169032,31.714891378735665,1
75,2.2925282504542186,51.429613861571525,0
23,1.9578812452771963,68.43912353940209,0
55,3.8958548776695574,74.24628806543696,1
80,3.5212842695178814,70.39284651233376,1
95,3.760292635825599,78.84293932514007,1
75,4.3709187436605745,30.426212376788733,1
16,3.922148035939723,37.06588399842651,1
8,2.4830590006235003,90.82609765954015,0
4,3.050356183287329,77.72240508631128,0
4,4.712967869602669,37.90521498802079,1
56,4.298331335767621,88.94521061790056,1
25,3.6477430267069875,46.95618524771969,1
67,2.7297172433182806,63.478191893665645,0
96,2.8712845305961245,40.16375590192622,0
67,4.182472106136185,79.70770394951947,1
27,4.5460814956009505,76.67980947099875,1
93,3.997845242068374,44.777872981629535,1
32,4.419066426093747,90.43805367999013,1
50,4.2883012123612385,58.09142169537985,1
61,2.406597102268721,50.47605637495192,0
51,3.243031679385571,40.663071262517484,0
19,2.416600592527116,48.631760876087625,0
21,2.6674685336460535,31.54188448566719,0
5,4.60124185518571,70.82802447192809,1
82,3.392320495181205,88.95615224407635,1
92,3.5828422106201154,68.42863146091493,1
42,2.494260193944705,45.349177334671296,0
61,2.902428947448828,32.35684247497109,0
22,2.6522508137050034,45.0239651281162,0
21,2.5788678017812003,59.12849996497646,0
70,3.8957804196137085,83.17280000898575,1
1,2.7334957353194302,43.148999677644184,0
5,3.877647232362276,80.38540173482802,1
12,2.1282865730310894,90.68534278463186,0
90,2.3824119002576607,61.77627936758499,0
46,2.7873477747003825,87.50023941498154,0
34,3.7709930965318597,68.82601436245669,1
49,4.011315797516496,74.59635859566335,1
78,3.3002867486775576,66.83949222367418,1
90,3.3096622894605483,62.422090172593926,1
45,4.159776396765785,46.42574092430945,1
27,1.9982543298850264,51.22358416227323,0
73,2.9903245746463725,50.297908326052635,0
26,4.44705652421366,69.43022516676703,1
47,3.7898192011507854,38.396758511672296,1
86,2.9785427549040318,94.17541834916346,0
56,4.711850616605505,80.44586016981793,1
94,4.306499318720617,58.10119416392355,1
63,2.757931114072037,41.10369011684646,0
48,3.918134004453436,91.73945188051451,1
61,3.767039720976318,87.66446630708157,1
81,3.173623137818897,80.52050869020255,0
26,3.069216041574642,49.00829331878697,0
36,2.997859448065897,58.17126462035682,0
1,3.8323251393567226,37.19237767166963,1
8,3.299350306266042,43.232766730927224,1
99,4.487182495416837,84.8111646121713,1
52,3.9922879792085837,80.05271031954787,1
79,2.163291397413774,71.54400340831543,0
47,3.9025130826759065,92.7008708148321,1
56,2.7769996813255635,70.82865624691317,0
86,3.758076574542939,62.68775999745275,1
14,4.024402389865527,53.825952241403385,1
90,2.6540290269197366,95.83139540153208,0
28,3.3434188668851244,35.79008230670475,1
87,2.530490831598157,95.16211604425659,0
78,2.10963357114885,87.87002619517128,0
88,3.104353091631901,39.095094717499094,0
2,3.0569800291302753,69.54890503726776,0
26,4.986215496647984,90.65835872243608,1
14,3.3113746711528087,70.02664145250077,1
59,2.967387125890211,93.50398750924356,0
56,3.7204487704858575,96.00886717712298,1
7,2.2207405520286936,59.56691655290141,0
3,4.88308049466218,56.411956298442654,1
23,3.886628139052651,95.54248077784098,1
18,4.252255350819586,77.25980428047677,1
38,2.4699577114304483,38.121587694371854,0
99,3.198907451665872,32.96042244558768,0
15,3.239201795858378,69.52403356980841,0
64,4.456509653898315,95.11196758068972,1
89,1.9537718732661988,89.0974091684073,0
28,2.8676019804774278,77.30934225250354,0
74,4.942770941750126,39.73810942237613,1
39,3.398403957693967,47.79619686240869,1
57,3.116705154744225,91.28578585868313,0
17,2.315478456153821,42.79650656598303,0
86,4.921202117315447,49.490758577530414,1
90,2.0110803855737647,39.07204558368093,0
44,4.198399686272091,77.32757619900877,1
25,4.294229404604951,96.07876137542468,1
17,2.693152983994793,48.82776221167702,0
13,3.9982532530197634,63.27846254950516,1
84,2.2334338903571394,74.4037817797843,0
25,2.7339941626178437,99.96263737509415,0
68,4.353101064291408,37.33656454983005,1
10,4.587292885702298,64.89995596539964,1
67,3.805883558612363,56.958408393175006,1
18,3.495857217052472,90.60741156556486,1
86,2.4358772628878897,63.317741170815914,0
34,2.142482550891408,37.76842672096036,0
8,2.3088295368443537,74.40969017006086,0
40,2.643439765293101,83.9546432784716,0
83,2.9921072307856083,30.20168761659302,0
42,3.111774052808511,90.12696797944406,0
41,3.006281394196461,43.02161000039659,0
6,2.67911876320166,68.64485552573646,0
52,3.5046589525926795,59.10582504812151,1
26,4.467122630110335,80.37576716273713,1
